{
    "Total Return (%)": -2.195901999999994,
    "Annualized Return (%)": -74.6067820561693,
    "Max Drawdown (%)": -51.049,
    "Sharpe Ratio": 9.741713248160206,
    "Sortino Ratio": 6.797913597652923,
    "Calmar Ratio": -1.4614739183170933,
    "Expectancy": -2.0980000000000008,
    "Std Dev of Returns": 0.09420421441763861,
    "Avg Win / Avg Loss": 0.0,
    "Max Consecutive Wins": 0,
    "Max Consecutive Losses": 1,
    "Win Rate (%)": 0.0,
    "Profit Factor": 0.0,
    "Average Trade Return (%)": -2.0980000000000008,
    "Final Capital": 978.0409800000001
}