{
    "Total Return (%)": -2.195901999999994,
    "Annualized Return (%)": -74.6067820561693,
    "Max Drawdown (%)": -51.049,
    "Sharpe Ratio": 5.624380766193439,
    "Win Rate (%)": 0.0,
    "Profit Factor": 0.0,
    "Average Trade Return (%)": -2.0980000000000008,
    "Final Capital": 978.0409800000001
}