{
    "Total Return (%)": -2.1959020000000162,
    "Annualized Return (%)": -29.05578870612382,
    "Max Drawdown (%)": -51.746591094675274,
    "Sharpe Ratio": 1.4103692020066738,
    "Sortino Ratio": 1.4324706749655227,
    "Calmar Ratio": -0.5615015036055904,
    "Expectancy": -2.098000000000001,
    "Std Dev of Returns": 0.047049376649296315,
    "Avg Win / Avg Loss": 0.0,
    "Max Consecutive Wins": 0,
    "Max Consecutive Losses": 1,
    "Win Rate (%)": 0.0,
    "Profit Factor": 0.0,
    "Average Trade Return (%)": -2.098000000000001,
    "Final Capital": 978.0409799999999
}