{
    "Total Return (%)": -2.195901999999994,
    "Annualized Return (%)": -74.36221193389872,
    "Max Drawdown (%)": -51.049,
    "Sharpe Ratio": 2.80239688667755,
    "Sortino Ratio": 1.9486656254043637,
    "Calmar Ratio": -1.4566830287351118,
    "Expectancy": -2.0980000000000008,
    "Std Dev of Returns": 0.09387235561492352,
    "Avg Win / Avg Loss": 0.0,
    "Max Consecutive Wins": 0,
    "Max Consecutive Losses": 1,
    "Win Rate (%)": 0.0,
    "Profit Factor": 0.0,
    "Average Trade Return (%)": -2.0980000000000008,
    "Final Capital": 978.0409800000001
}