{
    "Total Return (%)": -2.1959020000000162,
    "Annualized Return (%)": -29.18521025498596,
    "Max Drawdown (%)": -51.746591094675274,
    "Sharpe Ratio": 4.898620054197155,
    "Sortino Ratio": 4.988618787183332,
    "Calmar Ratio": -0.5640025678520323,
    "Expectancy": -2.098000000000001,
    "Std Dev of Returns": 0.047174522344887476,
    "Avg Win / Avg Loss": 0.0,
    "Max Consecutive Wins": 0,
    "Max Consecutive Losses": 1,
    "Win Rate (%)": 0.0,
    "Profit Factor": 0.0,
    "Average Trade Return (%)": -2.098000000000001,
    "Final Capital": 978.0409799999999
}