{
    "Total Return (%)": -2.1959020000000162,
    "Annualized Return (%)": -28.970136087740805,
    "Max Drawdown (%)": -51.746591094675274,
    "Sharpe Ratio": 1.4078918959316136,
    "Sortino Ratio": 1.4274356286563292,
    "Calmar Ratio": -0.5598462715106626,
    "Expectancy": -2.098000000000001,
    "Std Dev of Returns": 0.04696649738974572,
    "Avg Win / Avg Loss": 0.0,
    "Max Consecutive Wins": 0,
    "Max Consecutive Losses": 1,
    "Win Rate (%)": 0.0,
    "Profit Factor": 0.0,
    "Average Trade Return (%)": -2.098000000000001,
    "Final Capital": 978.0409799999999
}