{
    "Total Return (%)": -2.1959020000000162,
    "Annualized Return (%)": -28.884981161650757,
    "Max Drawdown (%)": -51.746591094675274,
    "Sharpe Ratio": 2.8108551964926343,
    "Win Rate (%)": 0.0,
    "Profit Factor": 0.0,
    "Average Trade Return (%)": -2.098000000000001,
    "Final Capital": 978.0409799999999
}