{
    "Total Return (%)": -3.2389542545832595,
    "Annualized Return (%)": -33.3652928713553,
    "Max Drawdown (%)": -6.658833834170889,
    "Sharpe Ratio": -5.240354498863702,
    "Win Rate (%)": 0,
    "Profit Factor": Infinity,
    "Average Trade Return (%)": 0,
    "Final Capital": 967.6104574541674
}