{
    "Total Return (%)": -1.2642390352890387,
    "Annualized Return (%)": -17.8279599802018,
    "Max Drawdown (%)": -4.753912075684584,
    "Sharpe Ratio": -2.266746464166743,
    "Win Rate (%)": 0,
    "Profit Factor": Infinity,
    "Average Trade Return (%)": 0,
    "Final Capital": 987.3576096471096
}