{
    "Total Return (%)": -2.195902000000005,
    "Annualized Return (%)": -74.85243842977687,
    "Max Drawdown (%)": -2.973502918338174,
    "Sharpe Ratio": -5.4344516256990385,
    "Win Rate (%)": 0.0,
    "Profit Factor": 0.0,
    "Average Trade Return (%)": -2.0980000000000008,
    "Final Capital": 978.04098
}