{
    "Total Return (%)": -2.1959020000000162,
    "Annualized Return (%)": -29.098802995850402,
    "Max Drawdown (%)": -4.849158163608899,
    "Sharpe Ratio": -2.4725820162895276,
    "Win Rate (%)": 0.0,
    "Profit Factor": 0.0,
    "Average Trade Return (%)": -2.098000000000001,
    "Final Capital": 978.0409799999999
}