{
    "Total Return (%)": 7.1373623791919805,
    "Annualized Return (%)": 190.88038369045285,
    "Max Drawdown (%)": -1.8789335915168646,
    "Sharpe Ratio": 19.477471940106742,
    "Win Rate (%)": 75.0,
    "Profit Factor": 10.6878033774153,
    "Average Trade Return (%)": 1.836410164035658,
    "Final Capital": 1070.3022501681278
}