{
    "Total Return (%)": 114.99255799415673,
    "Annualized Return (%)": 12687197.062885206,
    "Max Drawdown (%)": -50.0135084307793,
    "Sharpe Ratio": 3.8167053736113217,
    "Win Rate (%)": 75.0,
    "Profit Factor": 10.783026274875786,
    "Average Trade Return (%)": 1.8380841241302048,
    "Final Capital": 1070.3744634453815
}