{
    "Total Return (%)": -2.195901999999994,
    "Annualized Return (%)": -74.8524384297767,
    "Max Drawdown (%)": -51.049,
    "Sharpe Ratio": 5.644174544443128,
    "Sortino Ratio": 3.9526125451464407,
    "Calmar Ratio": -1.4662860865007483,
    "Expectancy": -2.0980000000000008,
    "Std Dev of Returns": 0.09453961790084064,
    "Avg Win / Avg Loss": 0.0,
    "Max Consecutive Wins": 0,
    "Max Consecutive Losses": 1,
    "Win Rate (%)": 0.0,
    "Profit Factor": 0.0,
    "Average Trade Return (%)": -2.0980000000000008,
    "Final Capital": 978.0409800000001
}