{
    "Total Return (%)": -2.1959020000000162,
    "Annualized Return (%)": -28.884981161650757,
    "Max Drawdown (%)": -51.746591094675274,
    "Sharpe Ratio": 2.8108551964926343,
    "Sortino Ratio": 2.844871708250267,
    "Calmar Ratio": -0.558200657291665,
    "Expectancy": -2.098000000000001,
    "Std Dev of Returns": 0.04688405457792137,
    "Avg Win / Avg Loss": 0.0,
    "Max Consecutive Wins": 0,
    "Max Consecutive Losses": 1,
    "Win Rate (%)": 0.0,
    "Profit Factor": 0.0,
    "Average Trade Return (%)": -2.098000000000001,
    "Final Capital": 978.0409799999999
}